383498,Deadpool 2
402900,Ocean's Eight
466282,To All the Boys I've Loved Before
462919,Sierra Burgess Is a Loser
363088,Ant-Man and the Wasp
454983,The Kissing Booth
293660,Deadpool
455207,Crazy Rich Asians
487558,BlacKkKlansman
283995,Guardians of the Galaxy Vol. 2
150540,Inside Out
269149,Zootopia
194662,Birdman
455980,Tag
474335,Uncle Drew
177572,Big Hero 6
354912,Coco
414919,Hart Beat
257344,Pixels
523873,Kung Fu League
460668,I Feel Pretty
291805,Now You See Me 2
455656,#RealityHigh
446894,Smallfoot
339117,Kalpana
458423,Mamma Mia! Here We Go Again
399174,Isle of Dogs
440161,The Sisters Brothers
400155,Hotel Transylvania 3: Summer Vacation
207703,Kingsman: The Secret Service
449176,"Love, Simon"
420814,Christopher Robin
98566,Teenage Mutant Ninja Turtles
270946,Penguins of Madagascar
93456,Despicable Me 2
347392,Slice
608,Men in Black II
437557,Blockers
353486,Jumanji: Welcome to the Jungle
480736,25 km/h
13053,Bolt
14160,Up
20352,Despicable Me
585,"Monsters, Inc."
340022,Gringo
118,Charlie and the Chocolate Factory
214756,Ted 2
2062,Ratatouille
920,Cars
808,Shrek
310,Bruce Almighty
62177,Brave
159824,Hotel Transylvania 2
313369,La La Land
72105,Ted
425,Ice Age
370567,Sherlock Gnomes
59861,Larry Crowne
335797,Sing
350,The Devil Wears Prada
271718,Trainwreck
166426,Pirates of the Caribbean: Dead Men Tell No Tales
69646,Vaseegara
254470,Pitch Perfect 2
950,Ice Age: The Meltdown
10193,Toy Story 3
224141,Into the Woods
9502,Kung Fu Panda
127380,Finding Dory
18785,The Hangover
181533,Night at the Museum: Secret of the Tomb
445571,Game Night
2976,Hairspray
507562,Crayon Shin-chan: Burst Serving! Kung Fu Boys ~Ramen Rebellion~
387592,Early Man
82702,How to Train Your Dragon 2
194,Amélie
9880,The Princess Diaries
339846,Baywatch
218746,Young Mother
452731,The Land of Steady Habits
134374,Pain & Gain
225886,Sex Tape
384677,Set It Up
454992,The Spy Who Dumped Me
77338,The Intouchables
11631,Mamma Mia!
400579,Tully
62764,Mirror Mirror
4247,Scary Movie
260514,Cars 3
434355,Taxi 5
391713,Lady Bird
489929,Destination Wedding
106646,The Wolf of Wall Street
4944,Burn After Reading
278154,Ice Age: Collision Course
227159,Horrible Bosses 2
196867,Annie
223702,Sausage Party
506421,J'ai perdu Albert
76492,Hotel Transylvania
296099,Vacation
43074,Ghostbusters
257445,Goosebumps
787,Mr. & Mrs. Smith
109414,This Is the End
454619,Overboard
364689,Ferdinand
10735,What a Girl Wants
13374,Ice Princess
57800,Ice Age: Continental Drift
543398,Padayottam
429203,The Old Man & the Gun
487702,F*&% the Prom
371638,The Disaster Artist
171274,Inherent Vice
542437,"Contigo no, bicho"
82690,Wreck-It Ralph
301337,Downsizing
517423,Счастья! Здоровья!
523565,Ditte Og Louise
9339,Click
290250,The Nice Guys
10527,Madagascar: Escape 2 Africa
256961,Paul Blart: Mall Cop 2
390043,The Hitman's Bodyguard
22970,The Cabin in the Woods
810,Shrek the Third
546052,Gila Lu Ndro!
71552,American Reunion
1593,Night at the Museum
818,Austin Powers in Goldmember
140300,Kung Fu Panda 3
9928,Robots
426030,Finding Your Feet
4638,Hot Fuzz
41630,No Strings Attached
502422,Thunder Road
8355,Ice Age: Dawn of the Dinosaurs
120467,The Grand Budapest Hotel
11130,The Princess Diaries 2: Royal Engagement
303542,The Invisible Boy
22794,Cloudy with a Chance of Meatballs
210860,Mortdecai
545668,Oru Kuttanadan Blog
46195,Rio
50544,Friends with Benefits
8961,Bad Boys II
324849,The Lego Batman Movie
7326,Juno
425980,Brad's Status
809,Shrek 2
11430,The Lion King 1½
418827,Sister's Younger Husband
41154,Men in Black 3
7443,Chicken Run
193893,Let's Be Cops
2770,American Pie 2
353616,Pitch Perfect 3
203801,The Man from U.N.C.L.E.
10555,Shark Tale
136799,Trolls
9982,Chicken Little
38055,Megamind
4258,Scary Movie 5
49013,Cars 2
228161,Home
380225,Like Crazy
456929,Champions
5559,Bee Movie
14306,Marley & Me
356305,Why Him?
747,Shaun of the Dead
238713,Spy
431530,A Bad Moms Christmas
634,Bridget Jones's Diary
37834,Knight and Day
88751,Journey to the Center of the Earth
4380,Shall We Dance?
100042,Dumb and Dumber To
20256,The Bodyguard
22705,Cheeky
10184,He's Just Not That Into You
116745,The Secret Life of Walter Mitty
364433,They Call Me Jeeg
80321,Madagascar 3: Europe's Most Wanted
18240,The Proposal
11688,The Emperor's New Groove
9408,Surf's Up
114150,Pitch Perfect
112160,Sexual Chronicles of a French Family
10192,Shrek Forever After
7453,The Hitchhiker's Guide to the Galaxy
200727,"Love, Rosie"
9023,Spirit: Stallion of the Cimarron
174321,The English Teacher
35,The Simpsons Movie
502682,Book Club
9471,Charlie's Angels: Full Throttle
10661,You Don't Mess with the Zohan
511785,Alex Strangelove
10022,The Pacifier
41513,The Smurfs
463053,Ibiza
18360,Night at the Museum: Battle of the Smithsonian
438970,Sharknado 5: Global Swarming
381341,Perfect Strangers
400928,Gifted
10096,13 Going on 30
302699,Central Intelligence
25195,Leap Year
122906,About Time
205321,Sharknado
8363,Superbad
4256,Scary Movie 3
376659,Bad Moms
463958,Gulebakavali
22538,Scott Pilgrim vs. the World
188222,Entourage
172385,Rio 2
436931,Pokémon the Movie: I Choose You!
136400,2 Guns
77931,The Smurfs 2
19908,Zombieland
10315,Fantastic Mr. Fox
454283,Action Point
10625,Mean Girls
291870,Dirty Grandpa
211672,Minions
342473,Ballerina
325189,Teen Beach 2
453546,Marisa in the Woods
27022,The Sorcerer's Apprentice
544769,Les Déguns
11199,Wild Hogs
39514,RED
399796,Life of the Party
112205,The Family
228967,The Interview
339404,The Layover
487063,Ruben Søltoft: Ting fra min mund
397422,Rough Night
64688,21 Jump Street
1824,50 First Dates
19913,(500) Days of Summer
195589,Neighbors
227973,The Peanuts Movie
318846,The Big Short
4327,Charlie's Angels
112200,Thanks for Sharing
505906,Seema Raja
346648,Paddington 2
228165,The SpongeBob Movie: Sponge Out of Water
399170,Logan Lucky
179144,The Great Beauty
59436,Midnight in Paris
339967,Colossal
8584,Shanghai Noon
544283,A Gift
392,Chocolat
49519,The Croods
35019,Nanny McPhee and the Big Bang
10947,High School Musical
412988,The Happytime Murders
458344,"Juliet, Naked"
11836,The SpongeBob SquarePants Movie
427214,The Happy Prince
253235,And So It Goes
153518,The Angry Birds Movie
3172,Bandits
10591,The Girl Next Door
12242,Mulan II
9870,Forgetting Sarah Marshall
449749,The Leisure Seeker
254320,The Lobster
1268,Mr. Bean's Holiday
107985,The World's End
80585,Rock of Ages
301272,Andiamo a quel paese
51540,Horrible Bosses
50646,"Crazy, Stupid, Love."
490214,Iceman 2
1597,Meet the Parents
138832,We're the Millers
268531,Captain Underpants: The First Epic Movie
9398,Zoolander
34544,The A-Team
518452,Like Father
170687,The Boxtrolls
151960,Planes
7518,Over the Hedge
10189,Pineapple Express
252838,The Wedding Ringer
8699,Anchorman: The Legend of Ron Burgundy
416477,The Big Sick
233063,Suck Me Shakespeer
257211,The Intern
7446,Tropic Thunder
174188,Rapture-Palooza
